year,round,selection,franchise_id_current,player_id,franchise_id_original
2000,1,1,9,25068,
2000,1,2,5,25092,
2000,1,3,16,25016,
2000,1,4,2,25099,
2000,1,5,23,24892,
2000,1,6,19,25172,
2000,1,7,24,24803,
2000,1,8,7,25203,
2000,1,9,3,25007,
2000,1,10,18,25184,
2000,1,11,13,24807,
2000,1,12,12,24827,
2000,1,13,21,25133,
2000,1,14,22,25209,
2000,1,15,18,24870,
2000,1,16,6,25057,
2000,1,17,11,24632,
2000,1,18,4,24994,
2000,1,19,15,24835,
2000,1,20,14,24805,
2000,1,21,17,25120,
2000,1,22,8,25104,
2000,1,23,1,24561,
2000,1,24,10,24822,
2000,2,1,9,24842,
2000,2,2,24,24507,
2000,2,3,16,24912,
2000,2,4,2,25055,
2000,2,5,23,24905,
2000,2,6,19,24848,
2000,2,7,24,24956,
2000,2,8,6,24466,
2000,2,9,3,25117,
2000,2,10,11,24826,
2000,2,11,13,25198,
2000,2,12,12,25124,
2000,2,13,21,24889,
2000,2,14,22,24857,
2000,2,15,18,25066,
2000,2,16,6,25122,
2000,2,17,16,10015,
2000,2,18,4,25094,
2000,2,19,15,25178,
2000,2,20,14,24794,
2000,2,21,17,24836,
2000,2,22,8,24823,
2000,2,23,1,25195,
2000,2,24,10,25200,
2000,3,1,9,24617,
2000,3,2,5,25134,
2000,3,3,20,25089,
2000,3,4,2,24929,
2000,3,5,23,,
2000,3,6,6,25063,
2000,3,7,24,,
2000,3,8,7,24767,
2000,3,9,3,25206,
2000,3,10,11,25139,
2000,3,11,13,25116,
2000,3,12,12,25027,
2000,3,13,21,25199,
2000,3,14,22,25102,
2000,3,15,18,24548,
2000,3,16,10,24717,
2000,3,17,16,25181,
2000,3,18,4,24920,
2000,3,19,15,24868,
2000,3,20,14,24824,
2000,3,21,17,24903,
2000,3,22,8,24885,
2000,3,23,4,24950,
2000,3,24,10,24988,
2000,4,1,9,25018,
2000,4,2,5,21307,
2000,4,3,20,25095,
2000,4,4,2,25002,
2000,4,5,23,,
2000,4,6,4,,
2000,4,7,24,,
2000,4,8,7,25074,
2000,4,9,3,24888,
2000,4,10,11,25021,
2000,4,11,13,24694,
2000,4,12,12,24461,
2000,4,13,21,24625,
2000,4,14,22,25023,
2000,4,15,18,24473,
2000,4,16,19,24763,
2000,4,17,16,24634,
2000,4,18,4,24938,
2000,4,19,15,24797,
2000,4,20,14,25150,
2000,4,21,17,25106,
2000,4,22,8,25030,
2000,4,23,1,25047,
2000,4,24,10,25097,
2000,5,1,9,,
2000,5,2,5,25196,
2000,5,3,20,,
2000,5,4,2,,
2000,5,5,23,24517,
2000,5,6,19,,
2000,5,7,24,24971,
2000,5,8,7,,
2000,5,9,3,25164,
2000,5,10,11,,
2000,5,11,13,24923,
2000,5,12,12,,
2000,5,13,21,25211,
2000,5,14,22,25078,
2000,5,15,18,25013,
2000,5,16,20,,
2000,5,17,16,,
2000,5,18,4,24543,
2000,5,19,15,25109,
2000,5,20,14,24937,
2000,5,21,17,24785,
2000,5,22,8,,
2000,5,23,1,24654,
2000,5,24,3,25201,
2000,6,1,9,,
2000,6,2,5,25107,
2000,6,3,20,,
2000,6,4,2,,
2000,6,5,23,,
2000,6,6,19,,
2000,6,7,24,25155,
2000,6,8,7,,
2000,6,9,3,25143,
2000,6,10,11,25185,
2001,1,1,12,25402,
2001,1,2,4,25355,
2001,1,3,21,25519,
2001,1,4,8,25112,
2001,1,5,9,25233,
2001,1,6,9,24915,
2001,1,7,5,25156,
2001,1,8,24,25502,
2001,1,9,13,25258,
2001,1,10,6,25509,
2001,1,11,12,25017,
2001,1,12,12,24936,
2001,1,13,22,25163,
2001,1,14,19,25303,
2001,1,15,12,25334,
2001,1,16,18,25151,
2001,1,17,15,25008,
2001,1,18,17,25222,
2001,1,19,9,25127,
2001,1,20,2,25086,
2001,1,21,7,25324,
2001,1,22,10,25041,
2001,1,23,20,25227,
2001,1,24,19,25390,
2001,2,1,9,25278,
2001,2,2,4,25142,
2001,2,3,21,25490,
2001,2,4,8,25311,
2001,2,5,12,25444,
2001,2,6,4,25144,
2001,2,7,5,25372,
2001,2,8,9,25219,
2001,2,9,19,24867,
2001,2,10,14,25192,
2001,2,11,4,25161,
2001,2,12,2,24812,
2001,2,13,22,25514,
2001,2,14,19,25460,
2001,2,15,11,25044,
2001,2,16,18,25336,
2001,2,17,9,24849,
2001,2,18,12,25307,
2001,2,19,12,25493,
2001,2,20,2,25261,
2001,2,21,7,25296,
2001,2,22,8,25344,
2001,2,23,20,25417,
2001,2,24,9,25245,
2001,3,1,10,25098,
2001,3,2,20,25255,
2001,3,3,21,25459,
2001,3,4,8,25026,
2001,3,5,9,25450,
2001,3,6,24,24943,
2001,3,7,5,24450,
2001,3,8,24,18052,
2001,3,9,19,25266,
2001,3,10,6,25221,
2001,3,11,10,25087,
2001,3,12,9,25420,
2001,3,13,22,25371,
2001,3,14,13,25049,
2001,3,15,11,25346,
2001,3,16,18,25003,
2001,3,17,5,25125,
2001,3,18,17,25158,
2001,3,19,9,25516,
2001,3,20,2,25345,
2001,3,21,7,24941,
2001,3,22,10,25038,
2001,3,23,20,25339,
2001,3,24,22,25484,
2001,4,1,10,25054,
2001,4,2,4,25119,
2001,4,3,21,25429,
2001,4,4,8,24930,
2001,4,5,9,24766,
2001,4,6,9,25243,
2001,4,7,5,24910,
2001,4,8,1,25114,
2001,4,9,19,25396,
2001,4,10,14,25136,
2001,4,11,5,25218,
2001,4,12,2,25413,
2001,4,13,22,25452,
2001,4,14,13,25173,
2001,4,15,11,25058,
2001,4,16,18,25386,
2001,4,17,15,25425,
2001,4,18,17,25443,
2001,4,19,21,25171,
2001,4,20,2,25483,
2001,4,21,7,25499,
2001,4,22,10,25469,
2001,4,23,20,25325,
2001,4,24,19,25032,
2001,4,25,19,25397,
2002,1,1,7,25720,
2002,1,2,19,25654,
2002,1,3,13,25695,
2002,1,4,9,25753,
2002,1,5,7,25676,
2002,1,6,18,25351,
2002,1,7,10,25186,
2002,1,8,8,25749,
2002,1,9,21,25686,
2002,1,10,1,25571,
2002,1,11,24,25485,
2002,1,12,7,25329,
2002,1,13,12,25688,
2002,1,14,4,25495,
2002,1,15,16,25451,
2002,1,16,22,25531,
2002,1,17,7,25491,
2002,1,18,9,25771,
2002,1,19,10,25622,
2002,1,20,15,25823,
2002,1,21,7,25569,
2002,1,22,16,25818,
2002,1,23,20,25778,
2002,1,24,3,25548,
2002,2,1,10,25588,
2002,2,2,19,25825,
2002,2,3,13,25701,
2002,2,4,17,25669,
2002,2,5,15,25072,
2002,2,6,10,25354,
2002,2,7,18,25492,
2002,2,8,8,25384,
2002,2,9,1,25610,
2002,2,10,15,25665,
2002,2,11,21,25589,
2002,2,12,24,25750,
2002,2,13,12,25093,
2002,2,14,3,25247,
2002,2,15,1,25687,
2002,2,16,22,25428,
2002,2,17,19,25389,
2002,2,18,14,25675,
2002,2,19,7,25587,
2002,2,20,21,25802,
2002,2,21,7,25558,
2002,2,22,16,25614,
2002,2,23,21,24813,
2002,2,24,1,25580,
2002,3,1,2,25264,
2002,3,2,19,25755,
2002,3,3,13,25521,
2002,3,4,2,25108,
2002,3,5,9,25090,
2002,3,6,11,25414,
2002,3,7,2,25796,
2002,3,8,8,25733,
2002,3,9,12,24918,
2002,3,10,3,25724,
2002,3,11,21,25766,
2002,3,12,24,24899,
2002,3,13,2,25065,
2002,3,14,2,25694,
2002,3,15,10,25767,
2002,3,16,22,25769,
2002,3,17,1,25232,
2002,3,18,16,25714,
2002,3,19,1,25505,
2002,3,20,22,25770,
2002,3,21,16,25738,
2002,3,22,3,25577,
2002,3,23,11,25168,
2002,3,24,3,25494,
2002,4,1,9,25756,
2002,4,2,19,25781,
2002,4,3,13,25692,
2002,4,4,7,25618,
2002,4,5,22,25360,
2002,4,6,18,24874,
2002,4,7,4,25298,
2002,4,8,8,25715,
2002,4,9,1,25517,
2002,4,10,3,25439,
2002,4,11,24,25723,
2002,4,12,10,25379,
2002,4,13,12,25772,
2002,4,14,2,25080,
2002,4,15,2,25483,
2002,4,16,22,25751,
2002,4,17,11,25789,
2002,4,18,14,24474,
2002,4,19,1,25316,
2002,4,20,11,25394,
2002,4,21,7,25613,
2002,4,22,4,25777,
2002,4,23,16,25348,
2002,4,24,3,25725,
2003,1,1,4,25999,
2003,1,2,24,25897,
2003,1,3,8,25646,
2003,1,4,11,25464,
2003,1,5,16,25611,
2003,1,6,17,25489,
2003,1,7,18,25286,
2003,1,8,14,25659,
2003,1,9,22,25734,
2003,1,10,7,25838,
2003,1,11,4,25582,
2003,1,12,22,25246,
2003,1,13,21,25544,
2003,1,14,4,26002,
2003,1,15,16,25862,
2003,1,16,15,25704,
2003,1,17,17,26014,
2003,1,18,9,25926,
2003,1,19,5,25719,
2003,1,20,12,25882,
2003,1,21,12,25892,
2003,1,22,17,25632,
2003,1,23,2,25621,
2003,1,24,5,25914,
2003,2,1,9,25562,
2003,2,2,24,25523,
2003,2,3,8,25678,
2003,2,4,22,25917,
2003,2,5,10,25851,
2003,2,6,3,25713,
2003,2,7,18,25952,
2003,2,8,14,25668,
2003,2,9,4,26015,
2003,2,10,20,25889,
2003,2,11,21,25813,
2003,2,12,10,25368,
2003,2,13,12,25764,
2003,2,14,22,26022,
2003,2,15,19,25787,
2003,2,16,10,25906,
2003,2,17,15,24902,
2003,2,18,20,25953,
2003,2,19,12,25190,
2003,2,20,5,26046,
2003,2,21,21,25743,
2003,2,22,22,25535,
2003,2,23,20,25826,
2003,2,24,14,26027,
2003,3,1,21,26042,
2003,3,2,22,26044,
2003,3,3,8,25805,
2003,3,4,22,26041,
2003,3,5,11,25361,
2003,3,6,11,25775,
2003,3,7,18,25440,
2003,3,8,14,25903,
2003,3,9,4,25946,
2003,3,10,1,25991,
2003,3,11,11,25564,
2003,3,12,7,25860,
2003,3,13,13,25437,
2003,3,14,17,25193,
2003,3,15,19,23487,
2003,3,16,15,25891,
2003,3,17,13,25821,
2003,3,18,24,25792,
2003,3,19,4,26007,
2003,3,20,21,25565,
2003,3,21,18,25700,
2003,3,22,4,25281,
2003,3,23,9,25956,
2003,3,24,2,25815,
2003,4,1,4,25983,
2003,4,2,1,25256,
2003,4,3,8,26059,
2003,4,4,22,25736,
2003,4,5,11,25762,
2003,4,6,17,25642,
2003,4,7,9,25257,
2003,4,8,14,26009,
2003,4,9,2,25874,
2003,4,10,14,25121,
2003,4,11,2,25475,
2003,4,12,12,25445,
2003,4,13,2,25512,
2003,4,14,22,25540,
2003,4,15,19,25204,
2003,4,16,1,25729,
2003,4,17,1,25129,
2003,4,18,20,25785,
2003,4,19,4,26043,
2003,4,20,11,25641,
2003,4,21,1,25598,
2003,4,22,17,25639,
2003,4,23,9,25790,
2003,4,24,3,25806,
2004,1,1,4,26315,
2004,1,2,8,26327,
2004,1,3,22,26367,
2004,1,4,5,26353,
2004,1,5,24,25799,
2004,1,6,18,26094,
2004,1,7,15,26236,
2004,1,8,14,26133,
2004,1,9,20,26281,
2004,1,10,2,25943,
2004,1,11,5,26181,
2004,1,12,19,26162,
2004,1,13,4,25978,
2004,1,14,4,25843,
2004,1,15,5,26054,
2004,1,16,13,25824,
2004,1,17,2,26273,
2004,1,18,9,26249,
2004,1,19,24,25929,
2004,1,20,5,25878,
2004,1,21,4,25763,
2004,1,22,10,26098,
2004,1,23,24,26076,
2004,1,24,5,26373,
2004,2,1,4,25972,
2004,2,2,8,26074,
2004,2,3,22,25907,
2004,2,4,3,26169,
2004,2,5,24,25656,
2004,2,6,18,25921,
2004,2,7,15,25476,
2004,2,8,4,26045,
2004,2,9,5,26342,
2004,2,10,4,25551,
2004,2,11,10,26072,
2004,2,12,19,25970,
2004,2,13,4,26257,
2004,2,14,8,26308,
2004,2,15,13,25969,
2004,2,16,13,26077,
2004,2,17,21,26153,
2004,2,18,24,25908,
2004,2,19,8,25020,
2004,2,20,22,26376,
2004,2,21,10,25731,
2004,2,22,9,26379,
2004,2,23,22,25349,
2004,2,24,5,26322,
2004,3,1,2,26348,
2004,3,2,8,25895,
2004,3,3,22,26165,
2004,3,4,15,25477,
2004,3,5,3,26211,
2004,3,6,18,26366,
2004,3,7,15,26154,
2004,3,8,14,26369,
2004,3,9,11,25566,
2004,3,10,22,26178,
2004,3,11,10,26389,
2004,3,12,19,21870,
2004,3,13,22,26224,
2004,3,14,8,25886,
2004,3,15,11,25294,
2004,3,16,2,25788,
2004,3,17,21,25963,
2004,3,18,2,25780,
2004,3,19,8,25574,
2004,3,20,22,26021,
2004,3,21,24,26049,
2004,3,22,20,26384,
2004,3,23,22,24516,
2004,3,24,12,26372,
2004,4,1,2,26374,
2004,4,2,8,26270,
2004,4,3,22,26371,
2004,4,4,6,26264,
2004,4,5,24,26061,
2004,4,6,9,26053,
2004,4,7,15,25683,
2004,4,8,14,26068,
2004,4,9,7,26185,
2004,4,10,13,26119,
2004,4,11,6,26304,
2004,4,12,11,26272,
2004,4,13,11,25314,
2004,4,14,10,26263,
2004,4,15,12,26216,
2004,4,16,1,26120,
2004,4,17,21,26071,
2004,4,18,24,26070,
2004,4,19,24,26080,
2004,4,20,11,26052,
2004,4,21,24,26058,
2004,4,22,7,25830,
2004,4,23,20,26346,
2004,4,24,12,25583,
2005,1,1,13,26510,
2005,1,2,8,26404,
2005,1,3,5,26396,
2005,1,4,24,26135,
2005,1,5,22,26673,
2005,1,6,7,26682,
2005,1,7,4,26601,
2005,1,8,19,26197,
2005,1,9,13,26582,
2005,1,10,2,26138,
2005,1,11,7,26339,
2005,1,12,2,26113,
2005,1,13,17,26393,
2005,1,14,12,25955,
2005,1,15,17,26478,
2005,1,16,15,26598,
2005,1,17,14,25948,
2005,1,18,8,26654,
2005,1,19,21,26591,
2005,1,20,12,26403,
2005,1,21,18,26319,
2005,1,22,8,26683,
2005,1,23,7,26516,
2005,1,24,3,25140,
2005,2,1,13,26453,
2005,2,2,8,25888,
2005,2,3,8,26701,
2005,2,4,24,26655,
2005,2,5,22,26228,
2005,2,6,12,25447,
2005,2,7,1,26565,
2005,2,8,7,26483,
2005,2,9,2,26218,
2005,2,10,2,26390,
2005,2,11,23,26467,
2005,2,12,12,24939,
2005,2,13,7,26244,
2005,2,14,5,26095,
2005,2,15,20,25993,
2005,2,16,5,26168,
2005,2,17,14,26681,
2005,2,18,8,26666,
2005,2,19,21,26186,
2005,2,20,22,26544,
2005,2,21,18,25752,
2005,2,22,5,25272,
2005,2,23,5,26155,
2005,2,24,22,26508,
2005,3,1,12,26458,
2005,3,2,4,26016,
2005,3,3,10,26130,
2005,3,4,24,26502,
2005,3,5,12,25711,
2005,3,6,12,26572,
2005,3,7,2,26083,
2005,3,8,19,25319,
2005,3,9,4,26555,
2005,3,10,12,26672,
2005,3,11,22,26541,
2005,3,12,4,26269,
2005,3,13,22,26387,
2005,3,14,18,26525,
2005,3,15,13,26695,
2005,3,16,12,25748,
2005,3,17,14,25873,
2005,3,18,20,26689,
2005,3,19,12,25702,
2005,3,20,3,26316,
2005,3,21,18,26674,
2005,3,22,13,26608,
2005,3,23,4,26481,
2005,3,24,12,25800,
2005,4,1,10,26684,
2005,4,2,7,26271,
2005,4,3,10,26519,
2005,4,4,24,15327,
2005,4,5,22,25165,
2005,4,6,1,26614,
2005,4,7,1,25649,
2005,4,8,19,26172,
2005,4,9,23,26463,
2005,4,10,12,26378,
2005,4,11,23,25840,
2005,4,12,10,25933,
2005,4,13,7,26539,
2005,4,14,10,26060,
2005,4,15,23,26477,
2005,4,16,9,25707,
2005,4,17,14,26603,
2005,4,18,20,26663,
2005,4,19,21,26665,
2005,4,20,16,26020,
2005,4,21,22,26685,
2005,4,22,12,26588,
2005,4,23,2,25850,
2005,4,24,11,26336,
2006,1,1,13,26766,
2006,1,2,7,26401,
2006,1,3,8,26699,
2006,1,4,21,26752,
2006,1,5,21,26818,
2006,1,6,13,26740,
2006,1,7,8,26757,
2006,1,8,8,26468,
2006,1,9,11,26391,
2006,1,10,20,26595,
2006,1,11,14,26836,
2006,1,12,2,26480,
2006,1,13,18,26587,
2006,1,14,4,26905,
2006,1,15,23,26770,
2006,1,16,5,26589,
2006,1,17,17,26718,
2006,1,18,11,26526,
2006,1,19,22,26700,
2006,1,20,19,26725,
2006,1,21,16,26917,
2006,1,22,2,26090,
2006,1,23,9,26875,
2006,1,24,5,26712,
2006,2,1,16,26894,
2006,2,2,11,26550,
2006,2,3,19,26783,
2006,2,4,11,26527,
2006,2,5,10,26180,
2006,2,6,16,26254,
2006,2,7,23,26115,
2006,2,8,19,26561,
2006,2,9,4,26495,
2006,2,10,19,26579,
2006,2,11,14,26891,
2006,2,12,24,26767,
2006,2,13,18,25998,
2006,2,14,23,26548,
2006,2,15,19,26142,
2006,2,16,23,26748,
2006,2,17,20,26793,
2006,2,18,19,26116,
2006,2,19,22,26826,
2006,2,20,19,26896,
2006,2,21,19,26809,
2006,2,22,2,26167,
2006,2,23,5,26202,
2006,2,24,24,26857,
2006,3,1,10,26386,
2006,3,2,2,26528,
2006,3,3,1,26720,
2006,3,4,1,26810,
2006,3,5,10,25737,
2006,3,6,19,26723,
2006,3,7,23,26128,
2006,3,8,19,26702,
2006,3,9,1,26881,
2006,3,10,23,26504,
2006,3,11,14,26691,
2006,3,12,23,26398,
2006,3,13,18,26871,
2006,3,14,4,26856,
2006,3,15,23,26462,
2006,3,16,2,26899,
2006,3,17,17,26865,
2006,3,18,15,26852,
2006,3,19,22,26846,
2006,3,20,23,26675,
2006,3,21,10,26790,
2006,3,22,2,26869,
2006,3,23,23,26493,
2006,3,24,4,26522,
2006,4,1,24,25875,
2006,4,2,23,26719,
2006,4,3,19,26521,
2006,4,4,1,25942,
2006,4,5,10,26203,
2006,4,6,5,26594,
2006,4,7,23,26753,
2006,4,8,19,26847,
2006,4,9,18,25482,
2006,4,10,3,26101,
2006,4,11,14,26785,
2006,4,12,13,26877,
2006,4,13,11,26819,
2006,4,14,18,26850,
2006,4,15,23,26879,
2006,4,16,23,26746,
2006,4,17,17,26552,
2006,4,18,15,26840,
2006,4,19,22,26900,
2006,4,20,16,26146,
2006,4,21,16,26221,
2006,4,22,11,26868,
2006,4,23,11,26897,
2006,4,24,4,26742,
2007,1,1,4,26889,4
2007,1,2,23,26828,23
2007,1,3,3,27421,16
2007,1,4,10,26798,11
2007,1,5,2,26916,3
2007,1,6,15,27185,15
2007,1,7,19,27349,19
2007,1,8,16,26778,12
2007,1,9,10,26756,1
2007,1,10,18,27242,18
2007,1,11,22,27247,22
2007,1,12,3,27212,6
2007,1,13,4,26775,2
2007,1,14,9,27419,7
2007,1,15,13,27147,20
2007,1,16,21,26909,21
2007,1,17,9,27448,9
2007,1,18,9,27417,14
2007,1,19,17,26936,17
2007,1,20,10,26796,10
2007,1,21,12,27220,8
2007,1,22,5,26886,5
2007,1,23,16,26882,24
2007,1,24,13,26731,13
2007,2,1,4,26605,4
2007,2,2,23,27235,23
2007,2,3,12,27379,16
2007,2,4,10,26923,11
2007,2,5,3,27424,3
2007,2,6,15,26104,15
2007,2,7,19,27398,19
2007,2,8,12,27431,12
2007,2,9,10,26727,1
2007,2,10,18,26904,18
2007,2,11,22,26943,22
2007,2,12,3,27155,6
2007,2,13,2,26607,2
2007,2,14,15,26922,7
2007,2,15,13,26800,20
2007,2,16,21,26781,21
2007,2,17,13,27236,9
2007,2,18,9,26183,14
2007,2,19,17,26892,17
2007,2,20,5,27457,10
2007,2,21,24,27267,8
2007,2,22,12,27276,5
2007,2,23,19,26930,24
2007,2,24,11,26859,13
2007,3,1,11,26912,4
2007,3,2,23,27201,23
2007,3,3,3,27285,16
2007,3,4,3,26697,11
2007,3,5,3,26944,3
2007,3,6,15,27434,15
2007,3,7,2,26760,19
2007,3,8,13,27289,12
2007,3,9,16,27233,1
2007,3,10,18,27295,18
2007,3,11,22,27430,22
2007,3,12,12,27309,6
2007,3,13,4,27244,2
2007,3,14,15,27433,7
2007,3,15,4,26901,20
2007,3,16,21,27292,21
2007,3,17,4,26721,9
2007,3,18,9,25869,14
2007,3,19,13,27228,17
2007,3,20,6,27069,10
2007,3,21,24,27214,8
2007,3,22,5,27365,5
2007,3,23,4,26545,24
2007,3,24,11,27207,13
2007,4,1,4,26741,4
2007,4,2,9,26921,23
2007,4,3,3,27401,16
2007,4,4,11,27104,11
2007,4,5,24,27197,3
2007,4,6,15,26745,15
2007,4,7,2,27118,19
2007,4,8,11,26747,12
2007,4,9,4,27172,1
2007,4,10,18,27243,18
2007,4,11,22,27426,22
2007,4,12,6,26611,6
2007,4,13,13,26947,2
2007,4,14,11,26474,7
2007,4,15,24,26010,20
2007,4,16,21,26919,21
2007,4,17,16,27180,9
2007,4,18,9,27392,14
2007,4,19,17,27422,17
2007,4,20,11,26937,10
2007,4,21,24,26590,8
2007,4,22,11,26933,5
2007,4,23,13,26794,24
2007,4,24,18,27165,13
2008,1,1,12,27497,12
2008,1,2,4,27821,4
2008,1,3,19,27486,19
2008,1,4,23,27499,23
2008,1,5,3,27312,3
2008,1,6,1,26511,1
2008,1,7,21,27843,21
2008,1,8,17,27488,17
2008,1,9,7,27720,7
2008,1,10,5,27495,24
2008,1,11,8,27768,18
2008,1,12,12,27683,6
2008,1,13,2,27490,2
2008,1,14,22,27211,22
2008,1,15,14,27494,14
2008,1,16,13,27111,13
2008,1,17,8,27455,16
2008,1,18,6,27577,11
2008,1,19,5,27223,5
2008,1,20,18,27498,15
2008,1,21,20,27576,20
2008,1,22,12,27487,8
2008,1,23,9,27225,9
2008,1,24,10,27157,10
2008,2,1,12,27402,12
2008,2,2,16,26834,4
2008,2,3,13,26729,19
2008,2,4,23,27148,23
2008,2,5,3,27657,3
2008,2,6,24,27761,1
2008,2,7,21,27646,21
2008,2,8,4,27412,17
2008,2,9,19,27529,7
2008,2,10,12,27217,24
2008,2,11,18,27790,18
2008,2,12,10,27793,6
2008,2,13,2,27318,2
2008,2,14,22,27310,22
2008,2,15,14,27378,14
2008,2,16,19,26656,13
2008,2,17,8,27559,16
2008,2,18,11,27151,11
2008,2,19,18,27545,5
2008,2,20,15,27462,15
2008,2,21,20,27840,20
2008,2,22,12,27274,8
2008,2,23,9,27501,9
2008,2,24,19,27649,10
2008,3,1,12,27461,12
2008,3,2,4,27502,4
2008,3,3,19,27792,19
2008,3,4,18,27719,23
2008,3,5,11,26735,3
2008,3,6,19,27438,1
2008,3,7,21,27077,21
2008,3,8,10,27601,17
2008,3,9,4,27313,7
2008,3,10,19,27839,24
2008,3,11,11,26182,18
2008,3,12,10,27304,6
2008,3,13,18,26734,2
2008,3,14,22,27231,22
2008,3,15,24,27355,14
2008,3,16,24,27068,13
2008,3,17,11,26711,16
2008,3,18,10,27795,11
2008,3,19,24,27849,5
2008,3,20,2,26008,15
2008,3,21,19,27797,20
2008,3,22,12,27698,8
2008,3,23,18,27075,9
2008,3,24,19,27282,10
2008,4,1,12,27802,12
2008,4,2,4,27653,4
2008,4,3,10,27533,19
2008,4,4,11,27454,23
2008,4,5,3,27857,3
2008,4,6,24,27836,1
2008,4,7,21,27537,21
2008,4,8,13,27124,17
2008,4,9,24,27388,7
2008,4,10,24,26926,24
2008,4,11,18,26927,18
2008,4,12,13,27112,6
2008,4,13,2,27475,2
2008,4,14,22,27837,22
2008,4,15,14,27344,14
2008,4,16,11,26841,13
2008,4,17,24,27851,16
2008,4,18,10,27818,11
2008,4,19,5,26874,5
2008,4,20,15,27838,15
2008,4,21,19,27301,20
2008,4,22,12,27103,8
2008,4,23,24,26805,9
2008,4,24,19,27816,10
2009,1,1,24,27882,16
2009,1,2,12,28087,12
2009,1,3,2,27877,2
2009,1,4,21,28139,21
2009,1,5,16,27888,24
2009,1,6,6,27775,6
2009,1,7,16,28179,11
2009,1,8,19,27166,19
2009,1,9,12,27848,3
2009,1,10,22,27616,22
2009,1,11,17,27556,17
2009,1,12,9,27753,9
2009,1,13,1,27881,1
2009,1,14,9,26816,7
2009,1,15,15,27096,15
2009,1,16,23,27602,23
2009,1,17,8,28062,8
2009,1,18,5,27567,14
2009,1,19,5,28174,4
2009,1,20,10,27988,18
2009,1,21,16,27660,20
2009,1,22,5,27415,5
2009,1,23,13,27420,13
2009,1,24,3,27931,10
2009,2,1,16,26914,16
2009,2,2,12,27546,12
2009,2,3,9,27613,2
2009,2,4,21,27852,21
2009,2,5,16,27074,24
2009,2,6,6,27750,6
2009,2,7,13,27460,11
2009,2,8,19,27644,19
2009,2,9,12,27592,3
2009,2,10,22,27878,22
2009,2,11,5,27860,17
2009,2,12,9,27651,9
2009,2,13,2,28170,1
2009,2,14,16,27322,7
2009,2,15,9,28177,15
2009,2,16,23,27766,23
2009,2,17,20,27883,8
2009,2,18,20,27713,14
2009,2,19,16,27886,4
2009,2,20,18,27964,18
2009,2,21,5,28161,20
2009,2,22,5,27968,5
2009,2,23,13,27746,13
2009,2,24,13,27079,10
2009,3,1,16,27597,16
2009,3,2,12,28002,12
2009,3,3,2,27205,2
2009,3,4,21,26863,21
2009,3,5,2,28145,24
2009,3,6,6,28140,6
2009,3,7,2,27850,11
2009,3,8,19,28148,19
2009,3,9,3,27213,3
2009,3,10,22,27161,22
2009,3,11,17,26724,17
2009,3,12,9,27855,9
2009,3,13,4,28144,1
2009,3,14,16,27972,7
2009,3,15,16,27098,15
2009,3,16,23,27279,23
2009,3,17,19,27941,8
2009,3,18,11,27364,14
2009,3,19,20,28184,4
2009,3,20,18,27171,18
2009,3,21,9,27949,20
2009,3,22,2,28014,5
2009,3,23,19,26380,13
2009,3,24,20,27632,10
2009,4,1,15,27610,16
2009,4,2,12,27727,12
2009,4,3,2,28207,2
2009,4,4,21,27703,21
2009,4,5,4,27188,24
2009,4,6,6,28194,6
2009,4,7,11,28195,11
2009,4,8,19,27073,19
2009,4,9,3,28037,3
2009,4,10,22,27697,22
2009,4,11,11,27872,17
2009,4,12,11,27979,9
2009,4,13,1,27208,1
2009,4,14,4,28076,7
2009,4,15,15,27479,15
2009,4,16,5,28158,23
2009,4,17,4,27772,8
2009,4,18,11,28193,14
2009,4,19,5,27699,4
2009,4,20,18,28136,18
2009,4,21,20,27519,20
2009,4,22,11,27581,5
2009,4,23,11,26703,13
2009,4,24,15,27924,10
2010,1,1,21,28122,21
2010,1,2,7,28221,7
2010,1,3,5,27678,5
2010,1,4,23,28231,23
2010,1,5,12,28334,12
2010,1,6,16,28201,14
2010,1,7,6,28268,6
2010,1,8,22,28309,2
2010,1,9,22,28326,22
2010,1,10,8,28276,19
2010,1,11,16,27677,16
2010,1,12,4,27887,4
2010,1,13,9,27560,9
2010,1,14,16,28203,24
2010,1,15,5,27291,17
2010,1,16,5,28259,3
2010,1,17,14,28323,1
2010,1,18,23,28230,20
2010,1,19,5,28235,11
2010,1,20,18,28199,18
2010,1,21,13,28222,13
2010,1,22,14,28017,15
2010,1,23,5,28257,10
2010,1,24,13,28237,8
2010,2,1,21,28117,21
2010,2,2,7,28320,7
2010,2,3,13,27717,5
2010,2,4,23,28176,23
2010,2,5,12,28317,12
2010,2,6,24,28078,14
2010,2,7,6,28290,6
2010,2,8,9,28335,2
2010,2,9,22,28224,22
2010,2,10,18,28236,19
2010,2,11,14,28232,16
2010,2,12,9,28271,4
2010,2,13,13,27593,9
2010,2,14,1,27769,24
2010,2,15,20,27779,17
2010,2,16,4,28238,3
2010,2,17,18,27730,1
2010,2,18,23,27261,20
2010,2,19,7,28265,11
2010,2,20,18,28341,18
2010,2,21,4,28329,13
2010,2,22,12,28296,15
2010,2,23,15,28003,10
2010,2,24,19,28280,8
2010,3,1,21,28054,21
2010,3,2,7,27588,7
2010,3,3,6,28073,5
2010,3,4,23,28365,23
2010,3,5,11,28234,12
2010,3,6,24,27960,14
2010,3,7,12,28310,6
2010,3,8,23,28346,2
2010,3,9,22,27178,22
2010,3,10,8,28196,19
2010,3,11,20,27973,16
2010,3,12,4,27525,4
2010,3,13,13,28252,9
2010,3,14,9,28204,24
2010,3,15,6,28029,17
2010,3,16,14,28331,3
2010,3,17,1,28190,1
2010,3,18,18,27575,20
2010,3,19,15,27266,11
2010,3,20,18,28269,18
2010,3,21,9,27523,13
2010,3,22,15,28284,15
2010,3,23,10,27667,10
2010,3,24,22,28071,8
2010,4,1,21,28332,21
2010,4,2,7,27332,7
2010,4,3,18,28023,5
2010,4,4,23,27865,23
2010,4,5,4,28272,12
2010,4,6,15,27435,14
2010,4,7,12,27953,6
2010,4,8,13,28212,2
2010,4,9,22,28306,22
2010,4,10,19,27615,19
2010,4,11,4,28350,16
2010,4,12,18,28344,4
2010,4,13,6,27308,9
2010,4,14,15,27866,24
2010,4,15,14,27831,17
2010,4,16,9,27732,3
2010,4,17,4,28316,1
2010,4,18,22,28266,20
2010,4,19,20,27743,11
2010,4,20,20,28275,18
2010,4,21,20,27933,13
2010,4,22,9,26832,15
2010,4,23,15,27871,10
2010,4,24,4,28294,8
2011,1,1,20,28356,20
2011,1,2,6,28514,6
2011,1,3,9,28052,9
2011,1,4,13,28396,14
2011,1,5,1,28397,1
2011,1,6,7,28401,7
2011,1,7,21,28366,21
2011,1,8,18,28375,18
2011,1,9,16,27784,3
2011,1,10,2,28041,23
2011,1,11,20,28406,11
2011,1,12,5,28349,5
2011,1,13,22,28376,22
2011,1,14,15,28394,15
2011,1,15,2,27595,2
2011,1,16,14,28327,17
2011,1,17,19,27976,19
2011,1,18,2,28021,24
2011,1,19,7,28427,4
2011,1,20,14,28441,13
2011,1,21,7,28031,12
2011,1,22,20,28438,10
2011,1,23,22,27948,16
2011,1,24,13,28507,8
2011,2,1,20,28440,20
2011,2,2,4,28519,6
2011,2,3,9,28530,9
2011,2,4,9,28510,14
2011,2,5,1,28431,1
2011,2,6,7,28502,7
2011,2,7,21,28521,21
2011,2,8,18,27637,18
2011,2,9,14,28393,3
2011,2,10,12,28434,23
2011,2,11,5,27541,11
2011,2,12,1,28433,5
2011,2,13,22,28261,22
2011,2,14,9,28459,15
2011,2,15,2,28102,2
2011,2,16,5,28413,17
2011,2,17,19,28256,19
2011,2,18,24,28361,24
2011,2,19,2,28384,4
2011,2,20,17,28038,13
2011,2,21,5,28411,12
2011,2,22,17,28386,10
2011,2,23,13,28416,16
2011,2,24,5,28399,8
2011,3,1,17,28525,20
2011,3,2,6,28437,6
2011,3,3,21,28209,9
2011,3,4,6,28223,14
2011,3,5,1,28409,1
2011,3,6,13,28423,7
2011,3,7,21,28533,21
2011,3,8,18,27489,18
2011,3,9,4,28398,3
2011,3,10,7,28473,23
2011,3,11,19,28131,11
2011,3,12,5,28347,5
2011,3,13,22,28518,22
2011,3,14,9,28333,15
2011,3,15,2,28120,2
2011,3,16,2,27963,17
2011,3,17,20,28408,19
2011,3,18,2,28421,24
2011,3,19,15,28151,4
2011,3,20,17,28404,13
2011,3,21,15,28405,12
2011,3,22,23,28524,10
2011,3,23,17,28380,16
2011,3,24,11,28428,8
2011,4,1,20,28538,20
2011,4,2,20,28067,6
2011,4,3,21,28449,9
2011,4,4,21,28061,14
2011,4,5,11,27984,1
2011,4,6,17,28470,7
2011,4,7,21,28373,21
2011,4,8,18,28532,18
2011,4,9,17,27348,3
2011,4,10,11,28343,23
2011,4,11,11,28099,11
2011,4,12,11,28506,5
2011,4,13,22,27961,22
2011,4,14,15,26532,15
2011,4,15,2,27352,2
2011,4,16,12,28051,17
2011,4,17,20,28387,19
2011,4,18,2,28425,24
2011,4,19,14,28281,4
2011,4,20,17,27307,13
2011,4,21,17,28529,12
2011,4,22,18,28357,10
2011,4,23,4,28430,16
2011,4,24,11,28382,8
2012,1,1,10,28673,21
2012,1,2,7,28696,7
2012,1,3,8,28658,14
2012,1,4,21,28562,10
2012,1,5,8,28602,4
2012,1,6,10,28726,17
2012,1,7,1,28453,1
2012,1,8,21,28648,15
2012,1,9,20,28454,20
2012,1,10,8,28664,11
2012,1,11,8,28733,19
2012,1,12,10,28429,5
2012,1,13,24,28452,24
2012,1,14,11,28494,9
2012,1,15,22,28683,22
2012,1,16,13,28564,18
2012,1,17,10,28649,3
2012,1,18,2,28439,2
2012,1,19,21,28641,6
2012,1,20,23,28455,23
2012,1,21,4,28643,12
2012,1,22,18,28585,13
2012,1,23,11,28461,16
2012,1,24,11,28424,8
2012,2,1,7,28694,7
2012,2,2,21,28706,14
2012,2,3,13,28698,21
2012,2,4,10,28482,10
2012,2,5,7,28563,4
2012,2,6,11,28703,17
2012,2,7,1,28682,1
2012,2,8,13,28690,15
2012,2,9,20,28587,20
2012,2,10,1,28481,11
2012,2,11,19,28659,19
2012,2,12,13,28748,5
2012,2,13,24,28485,24
2012,2,14,10,28338,9
2012,2,15,22,28469,22
2012,2,16,18,27676,18
2012,2,17,10,27540,3
2012,2,18,8,28614,2
2012,2,19,10,28612,6
2012,2,20,10,28565,23
2012,2,21,14,28700,12
2012,2,22,13,28598,13
2012,2,23,1,28561,16
2012,2,24,9,28704,8
2012,3,1,7,28227,7
2012,3,2,21,28625,21
2012,3,3,21,28601,10
2012,3,4,14,28632,4
2012,3,5,11,27200,14
2012,3,6,18,28611,17
2012,3,7,1,28609,1
2012,3,8,11,28498,15
2012,3,9,11,28596,20
2012,3,10,7,28446,11
2012,3,11,19,28697,19
2012,3,12,11,28753,5
2012,3,13,24,28597,24
2012,3,14,4,28582,9
2012,3,15,22,28352,22
2012,3,16,13,28718,18
2012,3,17,5,28629,3
2012,3,18,2,28621,2
2012,3,19,1,28635,6
2012,3,20,9,28670,23
2012,3,21,11,28472,12
2012,3,22,18,27934,13
2012,3,23,11,28493,16
2012,3,24,13,27895,8
2012,4,1,21,28640,10
2012,4,2,4,28580,14
2012,4,3,7,28739,7
2012,4,4,1,28712,21
2012,4,5,4,28693,4
2012,4,6,5,28634,17
2012,4,7,12,28574,1
2012,4,8,11,28369,15
2012,4,9,20,28385,20
2012,4,10,19,28480,11
2012,4,11,1,28592,19
2012,4,12,11,28665,5
2012,4,13,24,27679,24
2012,4,14,18,28613,9
2012,4,15,22,28668,22
2012,4,16,18,28079,18
2012,4,17,3,28688,3
2012,4,18,2,28607,2
2012,4,19,4,28488,6
2012,4,20,23,28589,23
2012,4,21,10,28662,12
2012,4,22,9,28378,13
2012,4,23,11,28653,16
2012,4,24,10,27324,8
2013,1,1,15,28824,15
2013,1,2,8,28792,8
2013,1,3,7,28774,7
2013,1,4,21,28931,1
2013,1,5,8,28914,21
2013,1,6,18,28787,18
2013,1,7,2,28789,2
2013,1,8,3,28836,3
2013,1,9,10,28866,10
2013,1,10,22,28865,22
2013,1,11,24,28940,20
2013,1,12,13,28691,24
2013,1,13,16,28884,14
2013,1,14,7,28962,9
2013,1,15,13,28912,19
2013,1,16,16,28913,17
2013,1,17,2,28830,11
2013,1,18,2,28809,5
2013,1,19,13,28822,13
2013,1,20,8,28885,23
2013,1,21,8,28903,12
2013,1,22,3,28686,16
2013,1,23,16,28886,6
2013,1,24,8,28815,4
2013,2,1,16,28768,1
2013,2,2,16,28921,7
2013,2,3,16,28796,15
2013,2,4,8,28791,8
2013,2,5,9,28750,21
2013,2,6,16,28926,18
2013,2,7,13,28906,2
2013,2,8,8,28810,3
2013,2,9,10,28888,10
2013,2,10,22,28945,22
2013,2,11,1,28671,20
2013,2,12,24,28898,24
2013,2,13,7,28920,14
2013,2,14,3,27611,9
2013,2,15,16,28263,19
2013,2,16,21,28639,17
2013,2,17,16,28775,11
2013,2,18,18,28880,5
2013,2,19,4,28799,13
2013,2,20,15,28782,23
2013,2,21,5,28746,12
2013,2,22,3,28795,16
2013,2,23,18,28935,6
2013,2,24,8,28850,4
2013,3,1,16,28509,7
2013,3,2,9,28710,8
2013,3,3,21,27603,1
2013,3,4,15,28823,15
2013,3,5,5,28672,21
2013,3,6,18,28741,18
2013,3,7,2,28806,2
2013,3,8,3,28631,3
2013,3,9,10,28483,10
2013,3,10,22,28616,22
2013,3,11,7,28826,20
2013,3,12,1,28856,24
2013,3,13,13,28594,14
2013,3,14,18,28852,9
2013,3,15,11,28869,17
2013,3,16,19,28827,19
2013,3,17,2,28867,11
2013,3,18,4,28927,5
2013,3,19,4,28705,13
2013,3,20,1,28790,23
2013,3,21,1,28728,12
2013,3,22,3,28734,16
2013,3,23,2,28808,6
2013,3,24,4,28758,4
2013,4,1,21,28800,8
2013,4,2,1,28841,10
2013,4,3,15,28821,15
2013,4,4,11,28909,7
2013,4,5,1,28847,1
2013,4,6,19,28765,21
2013,4,7,19,28814,18
2013,4,8,13,28946,2
2013,4,9,18,28420,3
2013,4,10,22,28766,22
2013,4,11,11,28676,20
2013,4,12,13,28605,24
2013,4,13,19,28938,14
2013,4,14,11,28755,9
2013,4,15,12,28899,17
2013,4,16,13,28872,19
2013,4,17,4,28760,13
2013,4,18,12,28716,11
2013,4,19,9,28840,5
2013,4,20,15,28260,23
2013,4,21,4,28916,12
2013,4,22,21,28763,16
2013,4,23,3,28855,6
2013,4,24,10,28915,4
2014,1,1,16,29001,16
2014,1,2,4,29077,19
2014,1,3,23,29085,23
2014,1,4,5,28963,5
2014,1,5,5,29066,17
2014,1,6,24,28953,9
2014,1,7,10,29084,10
2014,1,8,3,29058,3
2014,1,9,24,28603,24
2014,1,10,5,29111,11
2014,1,11,4,29124,7
2014,1,12,9,29029,4
2014,1,13,22,28948,22
2014,1,14,16,28985,1
2014,1,15,7,29113,6
2014,1,16,2,28968,2
2014,1,17,15,29018,15
2014,1,18,18,28987,18
2014,1,19,24,29050,20
2014,1,20,7,29079,14
2014,1,21,5,28992,13
2014,1,22,19,28989,8
2014,1,23,12,28729,12
2014,1,24,21,29036,21
2014,2,1,5,28853,19
2014,2,2,7,28978,16
2014,2,3,23,29098,23
2014,2,4,5,29062,5
2014,2,5,5,28996,17
2014,2,6,9,29014,9
2014,2,7,10,29152,10
2014,2,8,3,29068,3
2014,2,9,24,29057,24
2014,2,10,14,29169,11
2014,2,11,7,29125,7
2014,2,12,16,29116,4
2014,2,13,22,29147,22
2014,2,14,23,29134,1
2014,2,15,19,29031,6
2014,2,16,2,28964,2
2014,2,17,15,29092,15
2014,2,18,18,28988,18
2014,2,19,5,29123,20
2014,2,20,9,29099,14
2014,2,21,13,29021,13
2014,2,22,23,29163,8
2014,2,23,9,29020,12
2014,2,24,3,28971,21
2014,3,1,23,28969,23
2014,3,2,4,29023,16
2014,3,3,9,29142,19
2014,3,4,13,29072,5
2014,3,5,13,29120,17
2014,3,6,12,28999,9
2014,3,7,10,28883,10
2014,3,8,4,29024,3
2014,3,9,24,29184,24
2014,3,10,11,28838,11
2014,3,11,19,29039,7
2014,3,12,4,29097,4
2014,3,13,22,29141,22
2014,3,14,23,28860,1
2014,3,15,23,28756,6
2014,3,16,2,29046,2
2014,3,17,19,29136,15
2014,3,18,24,29100,18
2014,3,19,4,29090,20
2014,3,20,13,28979,13
2014,3,21,4,28680,14
2014,3,22,13,28959,8
2014,3,23,24,28773,12
2014,3,24,14,29038,21
2014,4,1,8,28937,19
2014,4,2,4,29132,23
2014,4,3,13,29025,16
2014,4,4,13,29160,5
2014,4,5,13,29194,17
2014,4,6,24,29126,9
2014,4,7,10,28215,10
2014,4,8,4,29110,3
2014,4,9,24,28949,24
2014,4,10,18,29060,11
2014,4,11,1,28998,7
2014,4,12,9,28881,4
2014,4,13,22,29080,22
2014,4,14,1,28993,1
2014,4,15,18,29016,6
2014,4,16,2,29022,2
2014,4,17,9,28807,15
2014,4,18,18,29082,18
2014,4,19,9,28736,20
2014,4,20,15,28892,14
2014,4,21,13,29059,13
2014,4,22,23,29106,8
2014,4,23,7,29005,12
2014,4,24,11,29105,21